,גיל,שנות השכלה,MSI-BPD,WPI,SSS
גיל,,,,,
שנות השכלה,0.05718107709856131,,,,
MSI-BPD,0.9944896754148443,0.10424825134287224,,,
WPI,3.796359808993664e-05,0.006589360025051135,2.1667237567819706e-05,,
SSS,0.08747052879473573,0.12839834739616535,1.81702968368057e-14,4.905954978003738e-06,
